Time [s],Channel 0,Channel 1,Channel 2
0.000000000,1,1,0
0.558929750,1,0,0
0.558931000,0,0,0
0.558932437,1,0,0
0.558933812,0,0,0
0.558934625,0,1,0
0.558935250,1,1,0
0.558936625,0,1,0
0.558938062,1,1,0
0.558939437,0,1,0
0.558940813,1,1,0
0.558942188,0,1,0
0.558943625,1,1,0
0.558945000,0,1,0
0.558945625,0,0,0
0.558946437,1,0,0
0.558947813,0,0,0
0.558949250,1,0,0
0.558950625,0,0,0
0.558952062,1,0,0
0.558953438,0,0,0
0.558954813,1,0,0
0.558956187,0,0,0
0.558956500,0,1,0
0.558956812,0,0,0
0.558957625,1,0,0
0.558959000,0,0,0
0.558960438,1,0,0
0.558961812,0,0,0
0.558963250,1,0,0
0.558964625,0,0,0
0.558966063,1,0,0
0.558967437,0,0,0
0.558968875,1,0,0
0.558970188,0,1,0
0.558970250,0,0,0
0.558971625,1,0,0
0.558973000,0,0,0
0.558974437,1,0,0
0.558975812,0,0,0
0.558977250,1,0,0
0.558978625,0,0,0
0.558980062,1,0,0
0.558981437,0,0,0
0.558981687,0,1,0
0.558982813,1,1,0
0.558984188,0,1,0
0.558984812,1,0,0
0.558984875,0,0,0
0.558985625,1,0,0
0.558987000,0,0,0
0.558987812,0,1,0
0.558988438,1,1,0
0.558989813,0,1,0
0.558990437,0,0,0
0.558991250,1,0,0
0.558992625,0,0,0
0.558993437,0,1,0
0.558994063,1,1,0
0.558995438,0,1,0
0.558996812,1,1,0
0.558998187,0,1,0
0.558999625,1,1,0
0.559001000,0,1,0
0.559001625,0,0,0
0.559002438,1,0,0
0.559003812,0,0,0
0.559026500,1,0,0
0.559027812,0,1,0
0.559027875,0,0,0
0.559028125,0,1,0
0.559028437,0,0,0
0.559029250,1,0,0
0.559031000,1,1,0
0.559126875,1,0,0
0.559128188,0,0,0
0.559129563,1,0,0
0.559130937,0,0,0
0.559131750,0,1,0
0.559132375,1,1,0
0.559133750,0,1,0
0.559135188,1,1,0
0.559136562,0,1,0
0.559138000,1,1,0
0.559139375,0,1,0
0.559140813,1,1,0
0.559142187,0,1,0
0.559142812,0,0,0
0.559143625,1,0,0
0.559145000,0,0,0
0.559146375,1,0,0
0.559147750,0,0,0
0.559149187,1,0,0
0.559150562,0,0,0
0.559152000,1,0,0
0.559153375,0,0,0
0.559153625,0,1,0
0.559154000,0,0,0
0.559154812,1,0,0
0.559156187,0,0,0
0.559157625,1,0,0
0.559159000,0,0,0
0.559160375,1,0,0
0.559161750,0,0,0
0.559163188,1,0,0
0.559164563,0,0,0
0.559166000,1,0,0
0.559167375,0,0,0
0.559168812,1,0,0
0.559170188,0,0,0
0.559171625,1,0,0
0.559173000,0,0,0
0.559174375,1,0,0
0.559175750,0,0,0
0.559177188,1,0,0
0.559178562,0,0,0
0.559178875,0,1,0
0.559179187,0,0,0
0.559180000,1,0,0
0.559181375,0,0,0
0.559182813,1,0,0
0.559184187,0,0,0
0.559185000,0,1,0
0.559185625,1,1,0
0.559187000,0,1,0
0.559187625,0,0,0
0.559188375,1,0,0
0.559189750,0,0,0
0.559191187,1,0,0
0.559192563,0,0,0
0.559194000,1,0,0
0.559195375,0,0,0
0.559196812,1,0,0
0.559198188,0,0,0
0.559199625,1,0,0
0.559201000,0,0,0
0.559202375,1,0,0
0.559203750,0,0,0
0.559204062,0,1,0
0.559204375,0,0,0
0.559205188,1,0,0
0.559206563,0,0,0
0.559208000,1,0,0
0.559209375,0,0,0
0.559210813,1,0,0
0.559212188,0,0,0
0.559213625,1,0,0
0.559215000,0,0,0
0.559216438,1,0,0
0.559217813,0,0,0
0.559219187,1,0,0
0.559220562,0,0,0
0.559222000,1,0,0
0.559223375,0,0,0
0.559224813,1,0,0
0.559226187,0,0,0
0.559248813,1,0,0
0.559250250,0,0,0
0.559250500,0,1,0
0.559250812,0,0,0
0.559251625,1,0,0
0.559253375,1,1,0
0.559313562,1,0,0
0.559314875,0,0,0
0.559316313,1,0,0
0.559317625,0,0,0
0.559318437,0,1,0
0.559319062,1,1,0
0.559320438,0,1,0
0.559321875,1,1,0
0.559323250,0,1,0
0.559324687,1,1,0
0.559326063,0,1,0
0.559327500,1,1,0
0.559328875,0,1,0
0.559329500,0,0,0
0.559330312,1,0,0
0.559331625,0,0,0
0.559333063,1,0,0
0.559334438,0,0,0
0.559335875,1,0,0
0.559337250,0,0,0
0.559338688,1,0,0
0.559340063,0,0,0
0.559340313,0,1,0
0.559340687,0,0,0
0.559341500,1,0,0
0.559342875,0,0,0
0.559344313,1,0,0
0.559345625,0,1,0
0.559345688,0,0,0
0.559347062,1,0,0
0.559348437,0,0,0
0.559349875,1,0,0
0.559351250,0,0,0
0.559352688,1,0,0
0.559354062,0,0,0
0.559355500,1,0,0
0.559356875,0,0,0
0.559358313,1,0,0
0.559359625,0,1,0
0.559359687,0,0,0
0.559361062,1,0,0
0.559362438,0,0,0
0.559363875,1,0,0
0.559365250,0,0,0
0.559365563,0,1,0
0.559366687,1,1,0
0.559368063,0,1,0
0.559368688,0,0,0
0.559369500,1,0,0
0.559370875,0,0,0
0.559372312,1,0,0
0.559373625,0,1,0
0.559373688,0,0,0
0.559375063,1,0,0
0.559376437,0,0,0
0.559377250,0,1,0
0.559377875,1,1,0
0.559379250,0,1,0
0.559380688,1,1,0
0.559382062,0,1,0
0.559382687,0,0,0
0.559383500,1,0,0
0.559384875,0,0,0
0.559385625,0,1,0
0.559386313,1,1,0
0.559387625,0,1,0
0.559387688,0,0,0
0.559389062,1,0,0
0.559390437,0,0,0
0.559390687,0,1,0
0.559391063,0,0,0
0.559391875,1,0,0
0.559393250,0,0,0
0.559394687,1,0,0
0.559396000,0,0,0
0.559397438,1,0,0
0.559398813,0,0,0
0.559399625,0,1,0
0.559400250,1,1,0
0.559401625,0,1,0
0.559402250,0,0,0
0.559403063,1,0,0
0.559404438,0,0,0
0.559405250,0,1,0
0.559405875,1,1,0
0.559407187,0,1,0
0.559407813,0,0,0
0.559408625,1,0,0
0.559410000,0,0,0
0.559411437,1,0,0
0.559412812,0,0,0
0.559435438,1,0,0
0.559436812,0,0,0
0.559437125,0,1,0
0.559437437,0,0,0
0.559438250,1,0,0
0.559440000,1,1,0
0.559503813,1,0,0
0.559505062,0,0,0
0.559506500,1,0,0
0.559507875,0,0,0
0.559508688,0,1,0
0.559509313,1,1,0
0.559510687,0,1,0
0.559512062,1,1,0
0.559513438,0,1,0
0.559514875,1,1,0
0.559516250,0,1,0
0.559517687,1,1,0
0.559519063,0,1,0
0.559519688,0,0,0
0.559520500,1,0,0
0.559521875,0,0,0
0.559523312,1,0,0
0.559524687,0,0,0
0.559526063,1,0,0
0.559527438,0,0,0
0.559528875,1,0,0
0.559530250,0,0,0
0.559530562,0,1,0
0.559530875,0,0,0
0.559531688,1,0,0
0.559533063,0,0,0
0.559534500,1,0,0
0.559535875,0,0,0
0.559537313,1,0,0
0.559538688,0,0,0
0.559540062,1,0,0
0.559541437,0,0,0
0.559542875,1,0,0
0.559544250,0,0,0
0.559545687,1,0,0
0.559547062,0,0,0
0.559548500,1,0,0
0.559549875,0,0,0
0.559551313,1,0,0
0.559552687,0,0,0
0.559554062,1,0,0
0.559555438,0,0,0
0.559555750,0,1,0
0.559556875,1,1,0
0.559558250,0,1,0
0.559558875,0,0,0
0.559559687,1,0,0
0.559561063,0,0,0
0.559561875,0,1,0
0.559562500,1,1,0
0.559563875,0,1,0
0.559564500,0,0,0
0.559565250,1,0,0
0.559566625,0,0,0
0.559568063,1,0,0
0.559569437,0,0,0
0.559570875,1,0,0
0.559572250,0,0,0
0.559573688,1,0,0
0.559575062,0,0,0
0.559576500,1,0,0
0.559577875,0,0,0
0.559600500,1,0,0
0.559601875,0,0,0
0.559602125,0,1,0
0.559602500,0,0,0
0.559603312,1,0,0
0.559605000,1,1,0
0.559667187,1,0,0
0.559668437,0,0,0
0.559669875,1,0,0
0.559671250,0,0,0
0.559672063,0,1,0
0.559672687,1,1,0
0.559674062,0,1,0
0.559675500,1,1,0
0.559676875,0,1,0
0.559678312,1,1,0
0.559679687,0,1,0
0.559681063,1,1,0
0.559682438,0,1,0
0.559683062,0,0,0
0.559683875,1,0,0
0.559685250,0,0,0
0.559686687,1,0,0
0.559688063,0,0,0
0.559689500,1,0,0
0.559690875,0,0,0
0.559692312,1,0,0
0.559693688,0,0,0
0.559693937,0,1,0
0.559694313,0,0,0
0.559695125,1,0,0
0.559696437,0,0,0
0.559697875,1,0,0
0.559699250,0,0,0
0.559700688,1,0,0
0.559702062,0,0,0
0.559703500,1,0,0
0.559704875,0,0,0
0.559706313,1,0,0
0.559707687,0,0,0
0.559709125,1,0,0
0.559710438,0,0,0
0.559711875,1,0,0
0.559713250,0,0,0
0.559714687,1,0,0
0.559716062,0,0,0
0.559717500,1,0,0
0.559718875,0,0,0
0.559719125,0,1,0
0.559720312,1,1,0
0.559721687,0,1,0
0.559723063,1,1,0
0.559724438,0,1,0
0.559725062,0,0,0
0.559725875,1,0,0
0.559727250,0,0,0
0.559728688,1,0,0
0.559730063,0,0,0
0.559731500,1,0,0
0.559732875,0,0,0
0.559734313,1,0,0
0.559735625,0,1,0
0.559735688,0,0,0
0.559737062,1,0,0
0.559738437,0,0,0
0.559739875,1,0,0
0.559741250,0,0,0
0.559763937,1,0,0
0.559765250,0,1,0
0.559765312,0,0,0
0.559765562,0,1,0
0.559765875,0,0,0
0.559766688,1,0,0
0.559768375,1,1,0
0.559848937,1,0,0
0.559850188,0,0,0
0.559851625,1,0,0
0.559853000,0,0,0
0.559853812,0,1,0
0.559854437,1,1,0
0.559855813,0,1,0
0.559857250,1,1,0
0.559858625,0,1,0
0.559860000,1,1,0
0.559861375,0,1,0
0.559862813,1,1,0
0.559864187,0,1,0
0.559864812,0,0,0
0.559865625,1,0,0
0.559867000,0,0,0
0.559868438,1,0,0
0.559869813,0,0,0
0.559871250,1,0,0
0.559872625,0,0,0
0.559874000,1,0,0
0.559875375,0,0,0
0.559875688,0,1,0
0.559876000,0,0,0
0.559876812,1,0,0
0.559878187,0,0,0
0.559879625,1,0,0
0.559881000,0,0,0
0.559882437,1,0,0
0.559883812,0,0,0
0.559885250,1,0,0
0.559886625,0,0,0
0.559888000,1,0,0
0.559889375,0,0,0
0.559890812,1,0,0
0.559892188,0,0,0
0.559893625,1,0,0
0.559895000,0,0,0
0.559896437,1,0,0
0.559897813,0,0,0
0.559899250,1,0,0
0.559900625,0,0,0
0.559900875,0,1,0
0.559902000,1,1,0
0.559903375,0,1,0
0.559904000,0,0,0
0.559904813,1,0,0
0.559906187,0,0,0
0.559907000,0,1,0
0.559907625,1,1,0
0.559909000,0,1,0
0.559909625,0,0,0
0.559910438,1,0,0
0.559911812,0,0,0
0.559912625,0,1,0
0.559913250,1,1,0
0.559914625,0,1,0
0.559916000,1,1,0
0.559917375,0,1,0
0.559918812,1,1,0
0.559920188,0,1,0
0.559921625,1,1,0
0.559923000,0,1,0
0.559923063,0,0,0
0.559945625,1,0,0
0.559947000,0,0,0
0.559947312,0,1,0
0.559947625,0,0,0
0.559948438,1,0,0
0.559950125,1,1,0
0.661967625,1,0,0
0.661968937,0,0,0
0.661970375,1,0,0
0.661971688,0,1,0
0.661971750,0,0,0
0.661972500,0,1,0
0.661973125,1,1,0
0.661974500,0,1,0
0.661975937,1,1,0
0.661977313,0,1,0
0.661978750,1,1,0
0.661980125,0,1,0
0.661981562,1,1,0
0.661982938,0,1,0
0.661983563,0,0,0
0.661984375,1,0,0
0.661985687,0,1,0
0.661985750,0,0,0
0.661987125,1,0,0
0.661988500,0,0,0
0.661989938,1,0,0
0.661991312,0,0,0
0.661992750,1,0,0
0.661994125,0,0,0
0.661994375,0,1,0
0.661994750,0,0,0
0.661995563,1,0,0
0.661996937,0,0,0
0.661998375,1,0,0
0.661999688,0,1,0
0.661999750,0,0,0
0.662001125,1,0,0
0.662002500,0,0,0
0.662003937,1,0,0
0.662005313,0,0,0
0.662006750,1,0,0
0.662008125,0,0,0
0.662009562,1,0,0
0.662010937,0,0,0
0.662012375,1,0,0
0.662013750,0,0,0
0.662015187,1,0,0
0.662016500,0,1,0
0.662016562,0,0,0
0.662017938,1,0,0
0.662019313,0,0,0
0.662019625,0,1,0
0.662020750,1,1,0
0.662022125,0,1,0
0.662022750,0,0,0
0.662023563,1,0,0
0.662024938,0,0,0
0.662025750,0,1,0
0.662026375,1,1,0
0.662027750,0,1,0
0.662028375,0,0,0
0.662029187,1,0,0
0.662030500,0,1,0
0.662030563,0,0,0
0.662031938,1,0,0
0.662033312,0,0,0
0.662034750,1,0,0
0.662036125,0,0,0
0.662037563,1,0,0
0.662038937,0,0,0
0.662040375,1,0,0
0.662041750,0,0,0
0.662064375,1,0,0
0.662065750,0,0,0
0.662066062,0,1,0
0.662066375,0,0,0
0.662067188,1,0,0
0.662068875,1,1,0
0.662140687,1,0,0
0.662141938,0,0,0
0.662143375,1,0,0
0.662144750,0,0,0
0.662145563,0,1,0
0.662146187,1,1,0
0.662147562,0,1,0
0.662149000,1,1,0
0.662150375,0,1,0
0.662151812,1,1,0
0.662153187,0,1,0
0.662154563,1,1,0
0.662155938,0,1,0
0.662156562,0,0,0
0.662157375,1,0,0
0.662158750,0,0,0
0.662160188,1,0,0
0.662161563,0,0,0
0.662163000,1,0,0
0.662164375,0,0,0
0.662165812,1,0,0
0.662167188,0,0,0
0.662167437,0,1,0
0.662167813,0,0,0
0.662168563,1,0,0
0.662169937,0,0,0
0.662171375,1,0,0
0.662172750,0,0,0
0.662174188,1,0,0
0.662175562,0,0,0
0.662177000,1,0,0
0.662178375,0,0,0
0.662179813,1,0,0
0.662181187,0,0,0
0.662182562,1,0,0
0.662183938,0,0,0
0.662185375,1,0,0
0.662186750,0,0,0
0.662188187,1,0,0
0.662189563,0,0,0
0.662191000,1,0,0
0.662192375,0,0,0
0.662192625,0,1,0
0.662193812,1,1,0
0.662195187,0,1,0
0.662196625,1,1,0
0.662198000,0,1,0
0.662198625,0,0,0
0.662199375,1,0,0
0.662200750,0,0,0
0.662202188,1,0,0
0.662203563,0,0,0
0.662205000,1,0,0
0.662206375,0,0,0
0.662207813,1,0,0
0.662209188,0,0,0
0.662210625,1,0,0
0.662212000,0,0,0
0.662213375,1,0,0
0.662214750,0,0,0
0.662237437,1,0,0
0.662238812,0,0,0
0.662239062,0,1,0
0.662239438,0,0,0
0.662240250,1,0,0
0.662241938,1,1,0
1.671178188,1,0,0
1.671179500,0,0,0
1.671180875,1,0,0
1.671182250,0,0,0
1.671183062,0,1,0
1.671183687,1,1,0
1.671185062,0,1,0
1.671186500,1,1,0
1.671187875,0,1,0
1.671189312,1,1,0
1.671190687,0,1,0
1.671192063,1,1,0
1.671193437,0,1,0
1.671194062,0,0,0
1.671194875,1,0,0
1.671196250,0,0,0
1.671197688,1,0,0
1.671199062,0,0,0
1.671200500,1,0,0
1.671201875,0,0,0
1.671203313,1,0,0
1.671204687,0,0,0
1.671204937,0,1,0
1.671205312,0,0,0
1.671206063,1,0,0
1.671207437,0,0,0
1.671208875,1,0,0
1.671210250,0,0,0
1.671211688,1,0,0
1.671213062,0,0,0
1.671214500,1,0,0
1.671215875,0,0,0
1.671217313,1,0,0
1.671218687,0,0,0
1.671220062,1,0,0
1.671221438,0,0,0
1.671222875,1,0,0
1.671224250,0,0,0
1.671225688,1,0,0
1.671227063,0,0,0
1.671228500,1,0,0
1.671229875,0,0,0
1.671230125,0,1,0
1.671231313,1,1,0
1.671232688,0,1,0
1.671233250,0,0,0
1.671234062,1,0,0
1.671235438,0,0,0
1.671236250,0,1,0
1.671236875,1,1,0
1.671238250,0,1,0
1.671238875,0,0,0
1.671239687,1,0,0
1.671241063,0,0,0
1.671241875,0,1,0
1.671242500,1,1,0
1.671243812,0,1,0
1.671245250,1,1,0
1.671246625,0,1,0
1.671248062,1,1,0
1.671249437,0,1,0
1.671250062,0,0,0
1.671250875,1,0,0
1.671252250,0,0,0
1.671274875,1,0,0
1.671276250,0,0,0
1.671276562,0,1,0
1.671276875,0,0,0
1.671277687,1,0,0
1.671279375,1,1,0
1.671375312,1,0,0
1.671376563,0,0,0
1.671378000,1,0,0
1.671379375,0,0,0
1.671380188,0,1,0
1.671380813,1,1,0
1.671382187,0,1,0
1.671383625,1,1,0
1.671385000,0,1,0
1.671386438,1,1,0
1.671387812,0,1,0
1.671389187,1,1,0
1.671390563,0,1,0
1.671391188,0,0,0
1.671392000,1,0,0
1.671393375,0,0,0
1.671394812,1,0,0
1.671396188,0,0,0
1.671397625,1,0,0
1.671399000,0,0,0
1.671400438,1,0,0
1.671401813,0,0,0
1.671402062,0,1,0
1.671402438,0,0,0
1.671403187,1,0,0
1.671404563,0,0,0
1.671406000,1,0,0
1.671407375,0,0,0
1.671408812,1,0,0
1.671410188,0,0,0
1.671411625,1,0,0
1.671413000,0,0,0
1.671414437,1,0,0
1.671415813,0,0,0
1.671417250,1,0,0
1.671418562,0,0,0
1.671420000,1,0,0
1.671421375,0,0,0
1.671422812,1,0,0
1.671424187,0,0,0
1.671425625,1,0,0
1.671427000,0,0,0
1.671427250,0,1,0
1.671427625,0,0,0
1.671428375,1,0,0
1.671429813,0,0,0
1.671431188,1,0,0
1.671432562,0,0,0
1.671433375,0,1,0
1.671434000,1,1,0
1.671435375,0,1,0
1.671436000,0,0,0
1.671436813,1,0,0
1.671438187,0,0,0
1.671439625,1,0,0
1.671441000,0,0,0
1.671442438,1,0,0
1.671443812,0,0,0
1.671445188,1,0,0
1.671446562,0,0,0
1.671448000,1,0,0
1.671449375,0,0,0
1.671450813,1,0,0
1.671452187,0,0,0
1.671452500,0,1,0
1.671452813,0,0,0
1.671453625,1,0,0
1.671455000,0,0,0
1.671456438,1,0,0
1.671457812,0,0,0
1.671459187,1,0,0
1.671460563,0,0,0
1.671462000,1,0,0
1.671463375,0,0,0
1.671464813,1,0,0
1.671466188,0,0,0
1.671467625,1,0,0
1.671469000,0,0,0
1.671470438,1,0,0
1.671471813,0,0,0
1.671473187,1,0,0
1.671474563,0,0,0
1.671497250,1,0,0
1.671498625,0,0,0
1.671498875,0,1,0
1.671499250,0,0,0
1.671500063,1,0,0
1.671501750,1,1,0
1.671561937,1,0,0
1.671563188,0,0,0
1.671564625,1,0,0
1.671566000,0,0,0
1.671566813,0,1,0
1.671567438,1,1,0
1.671568812,0,1,0
1.671570187,1,1,0
1.671571563,0,1,0
1.671573000,1,1,0
1.671574375,0,1,0
1.671575812,1,1,0
1.671577188,0,1,0
1.671577813,0,0,0
1.671578625,1,0,0
1.671580000,0,0,0
1.671581437,1,0,0
1.671582813,0,0,0
1.671584187,1,0,0
1.671585563,0,0,0
1.671587000,1,0,0
1.671588375,0,0,0
1.671588687,0,1,0
1.671589000,0,0,0
1.671589812,1,0,0
1.671591188,0,0,0
1.671592625,1,0,0
1.671594000,0,0,0
1.671595437,1,0,0
1.671596813,0,0,0
1.671598188,1,0,0
1.671599562,0,0,0
1.671601000,1,0,0
1.671602375,0,0,0
1.671603812,1,0,0
1.671605187,0,0,0
1.671606625,1,0,0
1.671608000,0,0,0
1.671609437,1,0,0
1.671610750,0,0,0
1.671612188,1,0,0
1.671613562,0,0,0
1.671613875,0,1,0
1.671615000,1,1,0
1.671616375,0,1,0
1.671617000,0,0,0
1.671617813,1,0,0
1.671619187,0,0,0
1.671620625,1,0,0
1.671622000,0,0,0
1.671623438,1,0,0
1.671624750,0,0,0
1.671625563,0,1,0
1.671626188,1,1,0
1.671627563,0,1,0
1.671629000,1,1,0
1.671630375,0,1,0
1.671631000,0,0,0
1.671631813,1,0,0
1.671633187,0,0,0
1.671634000,0,1,0
1.671634625,1,1,0
1.671636000,0,1,0
1.671636062,0,0,0
1.671637438,1,0,0
1.671638750,0,0,0
1.671639062,0,1,0
1.671639375,0,0,0
1.671640187,1,0,0
1.671641563,0,0,0
1.671643000,1,0,0
1.671644375,0,0,0
1.671645812,1,0,0
1.671647188,0,0,0
1.671648000,0,1,0
1.671648625,1,1,0
1.671649938,0,1,0
1.671650562,0,0,0
1.671651375,1,0,0
1.671652750,0,0,0
1.671653562,0,1,0
1.671654187,1,1,0
1.671655563,0,1,0
1.671656188,0,0,0
1.671657000,1,0,0
1.671658375,0,0,0
1.671659812,1,0,0
1.671661188,0,0,0
1.671683812,1,0,0
1.671685188,0,0,0
1.671685500,0,1,0
1.671685813,0,0,0
1.671686625,1,0,0
1.671688312,1,1,0
1.671752125,1,0,0
1.671753438,0,0,0
1.671754812,1,0,0
1.671756187,0,0,0
1.671757000,0,1,0
1.671757625,1,1,0
1.671759000,0,1,0
1.671760437,1,1,0
1.671761812,0,1,0
1.671763250,1,1,0
1.671764625,0,1,0
1.671766000,1,1,0
1.671767375,0,1,0
1.671768000,0,0,0
1.671768813,1,0,0
1.671770187,0,0,0
1.671771625,1,0,0
1.671773000,0,0,0
1.671774438,1,0,0
1.671775812,0,0,0
1.671777250,1,0,0
1.671778625,0,0,0
1.671778875,0,1,0
1.671779250,0,0,0
1.671780000,1,0,0
1.671781375,0,0,0
1.671782813,1,0,0
1.671784187,0,0,0
1.671785625,1,0,0
1.671787000,0,0,0
1.671788438,1,0,0
1.671789812,0,0,0
1.671791250,1,0,0
1.671792625,0,0,0
1.671794063,1,0,0
1.671795375,0,0,0
1.671796813,1,0,0
1.671798188,0,0,0
1.671799625,1,0,0
1.671801000,0,0,0
1.671802438,1,0,0
1.671803813,0,0,0
1.671804062,0,1,0
1.671805250,1,1,0
1.671806625,0,1,0
1.671807250,0,0,0
1.671808000,1,0,0
1.671809375,0,0,0
1.671810187,0,1,0
1.671810812,1,1,0
1.671812188,0,1,0
1.671812813,0,0,0
1.671813625,1,0,0
1.671815000,0,0,0
1.671816437,1,0,0
1.671817813,0,0,0
1.671819250,1,0,0
1.671820562,0,0,0
1.671822000,1,0,0
1.671823375,0,0,0
1.671824812,1,0,0
1.671826188,0,0,0
1.671849500,1,0,0
1.671850875,0,0,0
1.671851125,0,1,0
1.671851500,0,0,0
1.671852312,1,0,0
1.671854000,1,1,0
1.671915125,1,0,0
1.671916375,0,0,0
1.671917813,1,0,0
1.671919187,0,0,0
1.671920000,0,1,0
1.671920625,1,1,0
1.671922000,0,1,0
1.671923438,1,1,0
1.671924812,0,1,0
1.671926250,1,1,0
1.671927625,0,1,0
1.671929063,1,1,0
1.671930437,0,1,0
1.671931062,0,0,0
1.671931813,1,0,0
1.671933188,0,0,0
1.671934625,1,0,0
1.671936000,0,0,0
1.671937438,1,0,0
1.671938813,0,0,0
1.671940250,1,0,0
1.671941625,0,0,0
1.671941875,0,1,0
1.671942250,0,0,0
1.671943063,1,0,0
1.671944438,0,0,0
1.671945812,1,0,0
1.671947188,0,0,0
1.671948625,1,0,0
1.671950000,0,0,0
1.671951437,1,0,0
1.671952813,0,0,0
1.671954250,1,0,0
1.671955625,0,0,0
1.671957062,1,0,0
1.671958438,0,0,0
1.671959812,1,0,0
1.671961188,0,0,0
1.671962625,1,0,0
1.671964000,0,0,0
1.671965437,1,0,0
1.671966813,0,0,0
1.671967063,0,1,0
1.671968250,1,1,0
1.671969625,0,1,0
1.671971062,1,1,0
1.671972438,0,1,0
1.671973062,0,0,0
1.671973875,1,0,0
1.671975250,0,0,0
1.671976625,1,0,0
1.671978000,0,0,0
1.671979438,1,0,0
1.671980812,0,0,0
1.671982250,1,0,0
1.671983625,0,0,0
1.671985062,1,0,0
1.671986437,0,0,0
1.671987875,1,0,0
1.671989250,0,0,0
1.672011875,1,0,0
1.672013250,0,0,0
1.672013500,0,1,0
1.672013875,0,0,0
1.672014687,1,0,0
1.672016375,1,1,0
1.672096938,1,0,0
1.672098188,0,0,0
1.672099625,1,0,0
1.672101000,0,0,0
1.672101813,0,1,0
1.672102375,1,1,0
1.672103750,0,1,0
1.672105187,1,1,0
1.672106563,0,1,0
1.672108000,1,1,0
1.672109375,0,1,0
1.672110812,1,1,0
1.672112188,0,1,0
1.672112812,0,0,0
1.672113625,1,0,0
1.672115000,0,0,0
1.672116437,1,0,0
1.672117750,0,1,0
1.672117813,0,0,0
1.672119188,1,0,0
1.672120562,0,0,0
1.672122000,1,0,0
1.672123375,0,0,0
1.672123688,0,1,0
1.672124000,0,0,0
1.672124812,1,0,0
1.672126187,0,0,0
1.672127625,1,0,0
1.672129000,0,0,0
1.672130437,1,0,0
1.672131750,0,1,0
1.672131812,0,0,0
1.672133188,1,0,0
1.672134562,0,0,0
1.672136000,1,0,0
1.672137375,0,0,0
1.672138813,1,0,0
1.672140187,0,0,0
1.672141625,1,0,0
1.672143000,0,0,0
1.672144375,1,0,0
1.672145750,0,0,0
1.672147188,1,0,0
1.672148563,0,0,0
1.672148875,0,1,0
1.672150000,1,1,0
1.672151375,0,1,0
1.672152000,0,0,0
1.672152813,1,0,0
1.672154188,0,0,0
1.672155000,0,1,0
1.672155625,1,1,0
1.672157000,0,1,0
1.672157625,0,0,0
1.672158438,1,0,0
1.672159750,0,0,0
1.672160563,0,1,0
1.672161187,1,1,0
1.672162563,0,1,0
1.672164000,1,1,0
1.672165375,0,1,0
1.672166812,1,1,0
1.672168188,0,1,0
1.672169625,1,1,0
1.672171000,0,1,0
1.672171062,0,0,0
1.672193625,1,0,0
1.672195000,0,0,0
1.672195312,0,1,0
1.672195625,0,0,0
1.672196438,1,0,0
1.672198125,1,1,0
1.774211562,1,0,0
1.774212875,0,0,0
1.774214250,1,0,0
1.774215625,0,0,0
1.774216438,0,1,0
1.774217062,1,1,0
1.774218438,0,1,0
1.774219875,1,1,0
1.774221250,0,1,0
1.774222688,1,1,0
1.774224063,0,1,0
1.774225500,1,1,0
1.774226875,0,1,0
1.774227500,0,0,0
1.774228250,1,0,0
1.774229625,0,0,0
1.774231062,1,0,0
1.774232438,0,0,0
1.774233875,1,0,0
1.774235250,0,0,0
1.774236687,1,0,0
1.774238063,0,0,0
1.774238313,0,1,0
1.774238688,0,0,0
1.774239500,1,0,0
1.774240875,0,0,0
1.774242250,1,0,0
1.774243625,0,0,0
1.774245062,1,0,0
1.774246437,0,0,0
1.774247875,1,0,0
1.774249250,0,0,0
1.774250687,1,0,0
1.774252063,0,0,0
1.774253500,1,0,0
1.774254875,0,0,0
1.774256250,1,0,0
1.774257625,0,0,0
1.774259063,1,0,0
1.774260437,0,0,0
1.774261875,1,0,0
1.774263250,0,0,0
1.774263500,0,1,0
1.774264688,1,1,0
1.774266062,0,1,0
1.774266687,0,0,0
1.774267500,1,0,0
1.774268875,0,0,0
1.774269687,0,1,0
1.774270312,1,1,0
1.774271687,0,1,0
1.774272312,0,0,0
1.774273125,1,0,0
1.774274500,0,0,0
1.774275937,1,0,0
1.774277250,0,0,0
1.774278688,1,0,0
1.774280062,0,0,0
1.774281500,1,0,0
1.774282875,0,0,0
1.774284313,1,0,0
1.774285687,0,0,0
1.774308313,1,0,0
1.774309687,0,0,0
1.774310000,0,1,0
1.774310312,0,0,0
1.774311125,1,0,0
1.774312813,1,1,0
1.774384625,1,0,0
1.774385875,0,0,0
1.774387313,1,0,0
1.774388687,0,0,0
1.774389500,0,1,0
1.774390125,1,1,0
1.774391500,0,1,0
1.774392875,1,1,0
1.774394250,0,1,0
1.774395687,1,1,0
1.774397063,0,1,0
1.774398500,1,1,0
1.774399875,0,1,0
1.774400500,0,0,0
1.774401312,1,0,0
1.774402688,0,0,0
1.774404125,1,0,0
1.774405438,0,0,0
1.774406875,1,0,0
1.774408250,0,0,0
1.774409687,1,0,0
1.774411063,0,0,0
1.774411375,0,1,0
1.774411688,0,0,0
1.774412500,1,0,0
1.774413875,0,0,0
1.774415312,1,0,0
1.774416688,0,0,0
1.774418125,1,0,0
1.774419437,0,0,0
1.774420875,1,0,0
1.774422250,0,0,0
1.774423687,1,0,0
1.774425062,0,0,0
1.774426500,1,0,0
1.774427875,0,0,0
1.774429312,1,0,0
1.774430687,0,0,0
1.774432125,1,0,0
1.774433500,0,0,0
1.774434875,1,0,0
1.774436250,0,0,0
1.774436563,0,1,0
1.774437688,1,1,0
1.774439062,0,1,0
1.774440500,1,1,0
1.774441875,0,1,0
1.774442500,0,0,0
1.774443313,1,0,0
1.774444687,0,0,0
1.774446125,1,0,0
1.774447500,0,0,0
1.774448938,1,0,0
1.774450312,0,0,0
1.774451688,1,0,0
1.774453062,0,0,0
1.774454500,1,0,0
1.774455875,0,0,0
1.774457313,1,0,0
1.774458687,0,0,0
1.774481313,1,0,0
1.774482687,0,0,0
1.774483000,0,1,0
1.774483312,0,0,0
1.774484125,1,0,0
1.774485875,1,1,0
2.783431437,1,0,0
2.783432687,0,0,0
2.783434125,1,0,0
2.783435500,0,0,0
2.783436313,0,1,0
2.783436937,1,1,0
2.783438312,0,1,0
2.783439688,1,1,0
2.783441063,0,1,0
2.783442500,1,1,0
2.783443875,0,1,0
2.783445313,1,1,0
2.783446688,0,1,0
2.783447312,0,0,0
2.783448125,1,0,0
2.783449500,0,0,0
2.783450938,1,0,0
2.783452313,0,0,0
2.783453750,1,0,0
2.783455062,0,1,0
2.783455125,0,0,0
2.783456500,1,0,0
2.783457875,0,0,0
2.783458187,0,1,0
2.783458500,0,0,0
2.783459312,1,0,0
2.783460687,0,0,0
2.783462125,1,0,0
2.783463500,0,0,0
2.783464937,1,0,0
2.783466312,0,0,0
2.783467750,1,0,0
2.783469125,0,0,0
2.783470562,1,0,0
2.783471875,0,1,0
2.783471937,0,0,0
2.783473312,1,0,0
2.783474688,0,0,0
2.783476125,1,0,0
2.783477500,0,0,0
2.783478937,1,0,0
2.783480313,0,0,0
2.783481750,1,0,0
2.783483125,0,0,0
2.783483375,0,1,0
2.783484500,1,1,0
2.783485875,0,1,0
2.783486500,1,0,0
2.783486562,0,0,0
2.783487313,1,0,0
2.783488687,0,0,0
2.783489500,0,1,0
2.783490125,1,1,0
2.783491500,0,1,0
2.783492125,0,0,0
2.783492938,1,0,0
2.783494312,0,0,0
2.783495063,0,1,0
2.783495687,1,1,0
2.783497062,0,1,0
2.783498500,1,1,0
2.783499875,0,1,0
2.783501312,1,1,0
2.783502687,0,1,0
2.783503313,0,0,0
2.783504125,1,0,0
2.783505500,0,0,0
2.783528125,1,0,0
2.783529500,0,0,0
2.783529812,0,1,0
2.783530125,0,0,0
2.783530938,1,0,0
2.783532625,1,1,0
2.783628563,1,0,0
2.783629813,0,0,0
2.783631250,1,0,0
2.783632625,0,0,0
2.783633437,0,1,0
2.783634063,1,1,0
2.783635438,0,1,0
2.783636875,1,1,0
2.783638250,0,1,0
2.783639688,1,1,0
2.783641063,0,1,0
2.783642438,1,1,0
2.783643812,0,1,0
2.783644438,0,0,0
2.783645250,1,0,0
2.783646625,0,0,0
2.783648063,1,0,0
2.783649437,0,0,0
2.783650875,1,0,0
2.783652250,0,0,0
2.783653688,1,0,0
2.783655062,0,0,0
2.783655313,0,1,0
2.783655688,0,0,0
2.783656437,1,0,0
2.783657812,0,0,0
2.783659250,1,0,0
2.783660625,0,0,0
2.783662062,1,0,0
2.783663438,0,0,0
2.783664875,1,0,0
2.783666250,0,0,0
2.783667687,1,0,0
2.783669063,0,0,0
2.783670438,1,0,0
2.783671813,0,0,0
2.783673250,1,0,0
2.783674625,0,0,0
2.783676063,1,0,0
2.783677438,0,0,0
2.783678875,1,0,0
2.783680250,0,0,0
2.783680500,0,1,0
2.783680875,0,0,0
2.783681688,1,0,0
2.783683063,0,0,0
2.783684438,1,0,0
2.783685812,0,0,0
2.783686625,0,1,0
2.783687250,1,1,0
2.783688625,0,1,0
2.783689250,0,0,0
2.783690062,1,0,0
2.783691437,0,0,0
2.783692875,1,0,0
2.783694250,0,0,0
2.783695687,1,0,0
2.783697062,0,0,0
2.783698438,1,0,0
2.783699813,0,0,0
2.783701250,1,0,0
2.783702625,0,0,0
2.783704063,1,0,0
2.783705438,0,0,0
2.783705687,0,1,0
2.783706062,0,0,0
2.783706875,1,0,0
2.783708250,0,0,0
2.783709688,1,0,0
2.783711063,0,0,0
2.783712438,1,0,0
2.783713812,0,0,0
2.783715250,1,0,0
2.783716625,0,0,0
2.783718063,1,0,0
2.783719437,0,0,0
2.783720875,1,0,0
2.783722250,0,0,0
2.783723688,1,0,0
2.783725062,0,0,0
2.783726500,1,0,0
2.783727875,0,0,0
2.783750500,1,0,0
2.783751875,0,0,0
2.783752125,0,1,0
2.783752500,0,0,0
2.783753313,1,0,0
2.783755000,1,1,0
2.783815188,1,0,0
2.783816438,0,0,0
2.783817875,1,0,0
2.783819250,0,0,0
2.783820062,0,1,0
2.783820688,1,1,0
2.783822063,0,1,0
2.783823500,1,1,0
2.783824875,0,1,0
2.783826250,1,1,0
2.783827625,0,1,0
2.783829063,1,1,0
2.783830437,0,1,0
2.783831063,0,0,0
2.783831875,1,0,0
2.783833250,0,0,0
2.783834688,1,0,0
2.783836062,0,0,0
2.783837500,1,0,0
2.783838875,0,0,0
2.783840313,1,0,0
2.783841625,0,1,0
2.783841687,0,0,0
2.783841938,0,1,0
2.783842250,0,0,0
2.783843062,1,0,0
2.783844437,0,0,0
2.783845875,1,0,0
2.783847250,0,0,0
2.783848687,1,0,0
2.783850062,0,0,0
2.783851500,1,0,0
2.783852813,0,1,0
2.783852875,0,0,0
2.783854250,1,0,0
2.783855625,0,0,0
2.783857063,1,0,0
2.783858438,0,0,0
2.783859875,1,0,0
2.783861250,0,0,0
2.783862688,1,0,0
2.783864063,0,0,0
2.783865500,1,0,0
2.783866812,0,1,0
2.783866875,0,0,0
2.783867125,0,1,0
2.783868250,1,1,0
2.783869625,0,1,0
2.783870250,0,0,0
2.783871062,1,0,0
2.783872437,0,0,0
2.783873875,1,0,0
2.783875250,0,0,0
2.783876687,1,0,0
2.783878062,0,0,0
2.783878812,0,1,0
2.783879438,1,1,0
2.783880813,0,1,0
2.783882250,1,1,0
2.783883625,0,1,0
2.783884250,0,0,0
2.783885063,1,0,0
2.783886438,0,0,0
2.783887250,0,1,0
2.783887875,1,1,0
2.783889250,0,1,0
2.783889312,0,0,0
2.783890688,1,0,0
2.783892000,0,1,0
2.783892063,0,0,0
2.783892312,0,1,0
2.783892625,0,0,0
2.783893438,1,0,0
2.783894812,0,0,0
2.783896250,1,0,0
2.783897625,0,0,0
2.783899063,1,0,0
2.783900437,0,0,0
2.783901250,0,1,0
2.783901875,1,1,0
2.783903187,0,1,0
2.783903813,0,0,0
2.783904625,1,0,0
2.783906000,0,0,0
2.783906813,0,1,0
2.783907500,1,1,0
2.783908812,0,1,0
2.783909438,0,0,0
2.783910250,1,0,0
2.783911625,0,0,0
2.783913062,1,0,0
2.783914438,0,0,0
2.783937063,1,0,0
2.783938437,0,0,0
2.783938750,0,1,0
2.783939063,0,0,0
2.783939875,1,0,0
2.783941562,1,1,0
2.784005375,1,0,0
2.784006687,0,0,0
2.784008062,1,0,0
2.784009437,0,0,0
2.784010250,0,1,0
2.784010875,1,1,0
2.784012250,0,1,0
2.784013687,1,1,0
2.784015062,0,1,0
2.784016500,1,1,0
2.784017875,0,1,0
2.784019250,1,1,0
2.784020625,0,1,0
2.784021250,0,0,0
2.784022063,1,0,0
2.784023438,0,0,0
2.784024875,1,0,0
2.784026250,0,0,0
2.784027688,1,0,0
2.784029063,0,0,0
2.784030500,1,0,0
2.784031875,0,0,0
2.784032125,0,1,0
2.784032500,0,0,0
2.784033250,1,0,0
2.784034625,0,0,0
2.784036062,1,0,0
2.784037437,0,0,0
2.784038875,1,0,0
2.784040250,0,0,0
2.784041687,1,0,0
2.784043062,0,0,0
2.784044437,1,0,0
2.784045875,0,0,0
2.784047250,1,0,0
2.784048625,0,0,0
2.784050062,1,0,0
2.784051438,0,0,0
2.784052875,1,0,0
2.784054250,0,0,0
2.784055687,1,0,0
2.784057063,0,0,0
2.784057312,0,1,0
2.784058500,1,1,0
2.784059875,0,1,0
2.784060500,0,0,0
2.784061250,1,0,0
2.784062625,0,0,0
2.784063437,0,1,0
2.784064063,1,1,0
2.784065437,0,1,0
2.784066062,0,0,0
2.784066875,1,0,0
2.784068250,0,0,0
2.784069688,1,0,0
2.784071062,0,0,0
2.784072437,1,0,0
2.784073812,0,0,0
2.784075250,1,0,0
2.784076625,0,0,0
2.784078062,1,0,0
2.784079437,0,0,0
2.784102750,1,0,0
2.784104125,0,0,0
2.784104437,0,1,0
2.784104750,0,0,0
2.784105563,1,0,0
2.784107250,1,1,0
2.784172125,1,0,0
2.784173375,0,0,0
2.784174812,1,0,0
2.784176187,0,0,0
2.784177000,0,1,0
2.784177625,1,1,0
2.784179000,0,1,0
2.784180375,1,1,0
2.784181750,0,1,0
2.784183188,1,1,0
2.784184563,0,1,0
2.784186000,1,1,0
2.784187375,0,1,0
2.784188000,0,0,0
2.784188813,1,0,0
2.784190188,0,0,0
2.784191625,1,0,0
2.784193000,0,0,0
2.784194438,1,0,0
2.784195750,0,1,0
2.784195813,0,0,0
2.784197187,1,0,0
2.784198562,0,0,0
2.784198875,0,1,0
2.784199188,0,0,0
2.784200000,1,0,0
2.784201438,0,0,0
2.784202812,1,0,0
2.784204187,0,1,0
2.784204250,0,0,0
2.784205625,1,0,0
2.784207000,0,0,0
2.784208437,1,0,0
2.784209812,0,0,0
2.784211250,1,0,0
2.784212625,0,0,0
2.784214062,1,0,0
2.784215437,0,0,0
2.784216875,1,0,0
2.784218188,0,1,0
2.784218250,0,0,0
2.784219625,1,0,0
2.784221000,0,0,0
2.784222437,1,0,0
2.784223813,0,0,0
2.784224125,0,1,0
2.784225250,1,1,0
2.784226625,0,1,0
2.784228062,1,1,0
2.784229438,0,1,0
2.784230062,0,0,0
2.784230813,1,0,0
2.784232187,0,1,0
2.784232250,0,0,0
2.784233625,1,0,0
2.784235000,0,0,0
2.784236438,1,0,0
2.784237812,0,0,0
2.784239250,1,0,0
2.784240625,0,0,0
2.784242063,1,0,0
2.784243437,0,0,0
2.784244875,1,0,0
2.784246250,0,0,0
2.784268875,1,0,0
2.784270250,0,0,0
2.784270563,0,1,0
2.784270875,0,0,0
2.784271687,1,0,0
2.784273375,1,1,0
2.784353938,1,0,0
2.784355188,0,0,0
2.784356625,1,0,0
2.784358000,0,0,0
2.784358812,0,1,0
2.784359438,1,1,0
2.784360813,0,1,0
2.784362188,1,1,0
2.784363562,0,1,0
2.784365000,1,1,0
2.784366375,0,1,0
2.784367813,1,1,0
2.784369187,0,1,0
2.784369813,0,0,0
2.784370625,1,0,0
2.784372000,0,0,0
2.784373438,1,0,0
2.784374812,0,0,0
2.784376187,1,0,0
2.784377563,0,0,0
2.784379000,1,0,0
2.784380375,0,0,0
2.784380688,0,1,0
2.784381000,0,0,0
2.784381812,1,0,0
2.784383188,0,0,0
2.784384625,1,0,0
2.784386000,0,0,0
2.784387437,1,0,0
2.784388813,0,0,0
2.784390188,1,0,0
2.784391563,0,0,0
2.784393000,1,0,0
2.784394375,0,0,0
2.784395813,1,0,0
2.784397188,0,0,0
2.784398625,1,0,0
2.784400000,0,0,0
2.784401438,1,0,0
2.784402813,0,0,0
2.784404187,1,0,0
2.784405562,0,0,0
2.784405875,0,1,0
2.784406938,1,1,0
2.784407063,0,1,0
2.784407125,1,1,0
2.784408438,0,1,0
2.784409062,0,0,0
2.784409875,1,0,0
2.784411250,0,0,0
2.784412062,0,1,0
2.784412688,1,1,0
2.784414062,0,1,0
2.784414687,0,0,0
2.784415500,1,0,0
2.784416875,0,0,0
2.784417625,0,1,0
2.784418250,1,1,0
2.784419625,0,1,0
2.784421062,1,1,0
2.784422437,0,1,0
2.784423875,1,1,0
2.784425250,0,1,0
2.784426687,1,1,0
2.784428062,0,1,0
2.784428125,0,0,0
2.784450688,1,0,0
2.784452063,0,0,0
2.784452375,0,1,0
2.784452687,0,0,0
2.784453500,1,0,0
2.784455187,1,1,0
2.886464688,1,0,0
2.886465938,0,0,0
2.886467375,1,0,0
2.886468750,0,0,0
2.886469562,0,1,0
2.886470188,1,1,0
2.886471563,0,1,0
2.886472937,1,1,0
2.886474312,0,1,0
2.886475750,1,1,0
2.886477125,0,1,0
2.886478562,1,1,0
2.886479937,0,1,0
2.886480563,0,0,0
2.886481375,1,0,0
2.886482750,0,0,0
2.886484187,1,0,0
2.886485562,0,0,0
2.886487000,1,0,0
2.886488313,0,1,0
2.886488375,0,0,0
2.886489750,1,0,0
2.886491125,0,0,0
2.886491438,0,1,0
2.886491750,0,0,0
2.886492562,1,0,0
2.886493938,0,0,0
2.886495375,1,0,0
2.886496750,0,0,0
2.886498187,1,0,0
2.886499563,0,0,0
2.886500938,1,0,0
2.886502312,0,1,0
2.886502375,0,0,0
2.886503750,1,0,0
2.886505125,0,0,0
2.886506563,1,0,0
2.886507937,0,0,0
2.886509375,1,0,0
2.886510750,0,0,0
2.886512188,1,0,0
2.886513562,0,0,0
2.886514937,1,0,0
2.886516312,0,1,0
2.886516375,0,0,0
2.886516625,0,1,0
2.886517750,1,1,0
2.886519125,0,1,0
2.886519750,0,0,0
2.886520562,1,0,0
2.886521937,0,0,0
2.886522750,0,1,0
2.886523375,1,1,0
2.886524750,0,1,0
2.886525375,0,0,0
2.886526187,1,0,0
2.886527562,0,0,0
2.886529000,1,0,0
2.886530313,0,0,0
2.886531750,1,0,0
2.886533125,0,0,0
2.886534563,1,0,0
2.886535938,0,0,0
2.886537375,1,0,0
2.886538750,0,0,0
2.886561375,1,0,0
2.886562750,0,0,0
2.886563063,0,1,0
2.886563375,0,0,0
2.886564187,1,0,0
2.886565875,1,1,0
2.886637687,1,0,0
2.886638937,0,0,0
2.886640375,1,0,0
2.886641750,0,0,0
2.886642563,0,1,0
2.886643187,1,1,0
2.886644562,0,1,0
2.886646000,1,1,0
2.886647375,0,1,0
2.886648750,1,1,0
2.886650125,0,1,0
2.886651562,1,1,0
2.886652938,0,1,0
2.886653562,0,0,0
2.886654375,1,0,0
2.886655750,0,0,0
2.886657187,1,0,0
2.886658563,0,0,0
2.886660000,1,0,0
2.886661375,0,0,0
2.886662750,1,0,0
2.886664125,0,0,0
2.886664437,0,1,0
2.886664750,0,0,0
2.886665563,1,0,0
2.886666937,0,0,0
2.886668375,1,0,0
2.886669750,0,0,0
2.886671188,1,0,0
2.886672562,0,0,0
2.886674000,1,0,0
2.886675375,0,0,0
2.886676750,1,0,0
2.886678125,0,0,0
2.886679562,1,0,0
2.886680937,0,0,0
2.886682375,1,0,0
2.886683750,0,0,0
2.886685187,1,0,0
2.886686562,0,0,0
2.886688000,1,0,0
2.886689375,0,0,0
2.886689625,0,1,0
2.886690750,1,1,0
2.886692125,0,1,0
2.886693563,1,1,0
2.886694938,0,1,0
2.886695562,0,0,0
2.886696375,1,0,0
2.886697750,0,0,0
2.886699188,1,0,0
2.886700563,0,0,0
2.886702000,1,0,0
2.886703375,0,0,0
2.886704813,1,0,0
2.886706188,0,0,0
2.886707562,1,0,0
2.886708937,0,0,0
2.886710375,1,0,0
2.886711750,0,0,0
2.886734437,1,0,0
2.886735812,0,0,0
2.886736062,0,1,0
2.886736438,0,0,0
2.886737188,1,0,0
2.886738938,1,1,0
3.895671563,1,0,0
3.895672812,0,0,0
3.895674250,1,0,0
3.895675625,0,0,0
3.895676438,0,1,0
3.895677062,1,1,0
3.895678437,0,1,0
3.895679875,1,1,0
3.895681250,0,1,0
3.895682625,1,1,0
3.895684000,0,1,0
3.895685438,1,1,0
3.895686813,0,1,0
3.895687437,0,0,0
3.895688250,1,0,0
3.895689625,0,0,0
3.895691063,1,0,0
3.895692438,0,0,0
3.895693875,1,0,0
3.895695250,0,0,0
3.895696625,1,0,0
3.895698000,0,0,0
3.895698312,0,1,0
3.895698625,0,0,0
3.895699437,1,0,0
3.895700812,0,0,0
3.895702250,1,0,0
3.895703625,0,0,0
3.895705062,1,0,0
3.895706437,0,0,0
3.895707875,1,0,0
3.895709250,0,0,0
3.895710625,1,0,0
3.895712000,0,0,0
3.895713437,1,0,0
3.895714813,0,0,0
3.895716250,1,0,0
3.895717625,0,0,0
3.895719062,1,0,0
3.895720438,0,0,0
3.895721875,1,0,0
3.895723250,0,0,0
3.895723500,0,1,0
3.895724625,1,1,0
3.895726000,0,1,0
3.895726625,0,0,0
3.895727438,1,0,0
3.895728812,0,0,0
3.895729625,0,1,0
3.895730250,1,1,0
3.895731688,0,1,0
3.895732312,0,0,0
3.895733063,1,0,0
3.895734437,0,0,0
3.895735250,0,1,0
3.895735875,1,1,0
3.895737250,0,1,0
3.895738688,1,1,0
3.895740062,0,1,0
3.895741500,1,1,0
3.895742875,0,1,0
3.895743500,0,0,0
3.895744250,1,0,0
3.895745625,0,0,0
3.895768312,1,0,0
3.895769688,0,0,0
3.895769937,0,1,0
3.895770312,0,0,0
3.895771125,1,0,0
3.895772813,1,1,0
3.895868750,1,0,0
3.895870000,0,0,0
3.895871437,1,0,0
3.895872812,0,0,0
3.895873625,0,1,0
3.895874188,1,1,0
3.895875625,0,1,0
3.895877000,1,1,0
3.895878375,0,1,0
3.895879813,1,1,0
3.895881188,0,1,0
3.895882625,1,1,0
3.895884000,0,1,0
3.895884625,0,0,0
3.895885438,1,0,0
3.895886812,0,0,0
3.895888250,1,0,0
3.895889562,0,0,0
3.895891000,1,0,0
3.895892375,0,0,0
3.895893813,1,0,0
3.895895187,0,0,0
3.895895500,0,1,0
3.895895813,0,0,0
3.895896625,1,0,0
3.895898000,0,0,0
3.895899437,1,0,0
3.895900812,0,0,0
3.895902250,1,0,0
3.895903563,0,0,0
3.895905000,1,0,0
3.895906375,0,0,0
3.895907812,1,0,0
3.895909188,0,0,0
3.895910625,1,0,0
3.895912000,0,0,0
3.895913437,1,0,0
3.895914813,0,0,0
3.895916250,1,0,0
3.895917563,0,0,0
3.895919000,1,0,0
3.895920375,0,0,0
3.895920687,0,1,0
3.895921000,0,0,0
3.895921813,1,0,0
3.895923188,0,0,0
3.895924625,1,0,0
3.895926000,0,0,0
3.895926812,0,1,0
3.895927438,1,1,0
3.895928812,0,1,0
3.895929437,0,0,0
3.895930250,1,0,0
3.895931562,0,0,0
3.895933000,1,0,0
3.895934375,0,0,0
3.895935812,1,0,0
3.895937187,0,0,0
3.895938625,1,0,0
3.895940000,0,0,0
3.895941437,1,0,0
3.895942812,0,0,0
3.895944250,1,0,0
3.895945625,0,0,0
3.895945938,0,1,0
3.895946250,0,0,0
3.895947062,1,0,0
3.895948437,0,0,0
3.895949875,1,0,0
3.895951250,0,0,0
3.895952687,1,0,0
3.895954000,0,1,0
3.895954062,0,0,0
3.895955438,1,0,0
3.895956813,0,1,0
3.895956875,0,0,0
3.895958250,1,0,0
3.895959625,0,0,0
3.895961063,1,0,0
3.895962438,0,0,0
3.895963875,1,0,0
3.895965250,0,0,0
3.895966688,1,0,0
3.895968063,0,0,0
3.895990687,1,0,0
3.895992062,0,0,0
3.895992375,0,1,0
3.895992688,0,0,0
3.895993500,1,0,0
3.895995188,1,1,0
3.896055375,1,0,0
3.896056625,0,0,0
3.896058062,1,0,0
3.896059437,0,0,0
3.896060250,0,1,0
3.896060875,1,1,0
3.896062250,0,1,0
3.896063687,1,1,0
3.896065062,0,1,0
3.896066500,1,1,0
3.896067875,0,1,0
3.896069250,1,1,0
3.896070625,0,1,0
3.896071250,0,0,0
3.896072063,1,0,0
3.896073438,0,0,0
3.896074875,1,0,0
3.896076250,0,0,0
3.896077688,1,0,0
3.896079063,0,0,0
3.896080500,1,0,0
3.896081875,0,0,0
3.896082125,0,1,0
3.896082500,0,0,0
3.896083250,1,0,0
3.896084625,0,0,0
3.896086062,1,0,0
3.896087437,0,0,0
3.896088875,1,0,0
3.896090250,0,0,0
3.896091687,1,0,0
3.896093062,0,0,0
3.896094500,1,0,0
3.896095875,0,0,0
3.896097250,1,0,0
3.896098625,0,0,0
3.896100062,1,0,0
3.896101438,0,0,0
3.896102875,1,0,0
3.896104250,0,0,0
3.896105687,1,0,0
3.896107063,0,0,0
3.896107312,0,1,0
3.896108500,1,1,0
3.896109875,0,1,0
3.896110500,0,0,0
3.896111250,1,0,0
3.896112688,0,0,0
3.896114125,1,0,0
3.896115500,0,0,0
3.896116937,1,0,0
3.896118313,0,0,0
3.896119062,0,1,0
3.896119688,1,1,0
3.896121062,0,1,0
3.896122500,1,1,0
3.896123875,0,1,0
3.896124500,0,0,0
3.896125313,1,0,0
3.896126687,0,0,0
3.896127500,0,1,0
3.896128125,1,1,0
3.896129437,0,1,0
3.896129563,0,0,0
3.896130875,1,0,0
3.896132250,0,0,0
3.896132563,0,1,0
3.896132875,0,0,0
3.896133687,1,0,0
3.896135062,0,0,0
3.896136500,1,0,0
3.896137875,0,0,0
3.896139312,1,0,0
3.896140687,0,0,0
3.896141437,0,1,0
3.896142063,1,1,0
3.896143438,0,1,0
3.896144062,0,0,0
3.896144875,1,0,0
3.896146250,0,0,0
3.896147062,0,1,0
3.896147688,1,1,0
3.896149063,0,1,0
3.896149687,0,0,0
3.896150500,1,0,0
3.896151875,0,0,0
3.896153313,1,0,0
3.896154688,0,0,0
3.896177312,1,0,0
3.896178687,0,0,0
3.896179000,0,1,0
3.896179313,0,0,0
3.896180125,1,0,0
3.896181875,1,1,0
3.896245687,1,0,0
3.896246937,0,0,0
3.896248375,1,0,0
3.896249750,0,0,0
3.896250563,0,1,0
3.896251125,1,1,0
3.896252562,0,1,0
3.896253938,1,1,0
3.896255313,0,1,0
3.896256750,1,1,0
3.896258125,0,1,0
3.896259563,1,1,0
3.896260938,0,1,0
3.896261562,0,0,0
3.896262375,1,0,0
3.896263750,0,0,0
3.896265188,1,0,0
3.896266563,0,0,0
3.896268000,1,0,0
3.896269312,0,0,0
3.896270813,1,0,0
3.896272125,0,0,0
3.896272437,0,1,0
3.896272750,0,0,0
3.896273562,1,0,0
3.896274937,0,0,0
3.896276375,1,0,0
3.896277750,0,0,0
3.896279187,1,0,0
3.896280562,0,0,0
3.896282000,1,0,0
3.896283313,0,0,0
3.896284750,1,0,0
3.896286125,0,0,0
3.896287562,1,0,0
3.896288938,0,0,0
3.896290375,1,0,0
3.896291750,0,0,0
3.896293187,1,0,0
3.896294563,0,0,0
3.896296000,1,0,0
3.896297313,0,0,0
3.896297625,0,1,0
3.896298750,1,1,0
3.896300125,0,1,0
3.896300750,0,0,0
3.896301563,1,0,0
3.896302937,0,0,0
3.896303750,0,1,0
3.896304375,1,1,0
3.896305750,0,1,0
3.896306375,0,0,0
3.896307188,1,0,0
3.896308500,0,0,0
3.896309937,1,0,0
3.896311312,0,0,0
3.896312750,1,0,0
3.896314125,0,0,0
3.896315562,1,0,0
3.896316937,0,0,0
3.896318375,1,0,0
3.896319750,0,0,0
3.896342375,1,0,0
3.896343750,0,0,0
3.896344062,0,1,0
3.896344375,0,0,0
3.896345188,1,0,0
3.896346875,1,1,0
3.896409000,1,0,0
3.896410313,0,0,0
3.896411750,1,0,0
3.896413063,0,0,0
3.896413938,0,1,0
3.896414500,1,1,0
3.896415875,0,1,0
3.896417313,1,1,0
3.896418688,0,1,0
3.896420125,1,1,0
3.896421500,0,1,0
3.896422875,1,1,0
3.896424250,0,1,0
3.896424875,0,0,0
3.896425687,1,0,0
3.896427062,0,0,0
3.896428500,1,0,0
3.896429875,0,0,0
3.896431312,1,0,0
3.896432687,0,0,0
3.896434125,1,0,0
3.896435500,0,0,0
3.896435750,0,1,0
3.896436125,0,0,0
3.896436875,1,0,0
3.896438250,0,0,0
3.896439750,1,0,0
3.896441063,0,0,0
3.896442500,1,0,0
3.896443875,0,0,0
3.896445313,1,0,0
3.896446688,0,0,0
3.896448125,1,0,0
3.896449500,0,0,0
3.896450875,1,0,0
3.896452250,0,0,0
3.896453688,1,0,0
3.896455062,0,0,0
3.896456500,1,0,0
3.896457875,0,0,0
3.896459313,1,0,0
3.896460687,0,0,0
3.896460938,0,1,0
3.896462125,1,1,0
3.896463500,0,1,0
3.896464875,1,1,0
3.896466250,0,1,0
3.896466875,0,0,0
3.896467687,1,0,0
3.896469063,0,0,0
3.896470500,1,0,0
3.896471875,0,0,0
3.896473312,1,0,0
3.896474688,0,0,0
3.896476125,1,0,0
3.896477500,0,0,0
3.896478875,1,0,0
3.896480250,0,0,0
3.896481688,1,0,0
3.896483063,0,0,0
3.896505750,1,0,0
3.896507125,0,0,0
3.896507375,0,1,0
3.896507750,0,0,0
3.896508500,1,0,0
3.896510250,1,1,0
3.896590750,1,0,0
3.896592062,0,0,0
3.896593437,1,0,0
3.896594813,0,0,0
3.896595625,0,1,0
3.896596250,1,1,0
3.896597625,0,1,0
3.896599062,1,1,0
3.896600438,0,1,0
3.896601875,1,1,0
3.896603250,0,1,0
3.896604687,1,1,0
3.896606063,0,1,0
3.896606687,0,0,0
3.896607438,1,0,0
3.896608812,0,0,0
3.896610250,1,0,0
3.896611625,0,0,0
3.896613063,1,0,0
3.896614437,0,0,0
3.896615875,1,0,0
3.896617250,0,0,0
3.896617500,0,1,0
3.896617875,0,0,0
3.896618688,1,0,0
3.896620062,0,0,0
3.896621437,1,0,0
3.896622812,0,0,0
3.896624250,1,0,0
3.896625625,0,0,0
3.896627062,1,0,0
3.896628437,0,0,0
3.896629875,1,0,0
3.896631250,0,0,0
3.896632625,1,0,0
3.896634062,0,0,0
3.896635438,1,0,0
3.896636813,0,0,0
3.896638250,1,0,0
3.896639625,0,0,0
3.896641062,1,0,0
3.896642438,0,0,0
3.896642687,0,1,0
3.896643875,1,1,0
3.896645250,0,1,0
3.896645875,0,0,0
3.896646688,1,0,0
3.896648000,0,0,0
3.896648813,0,1,0
3.896649437,1,1,0
3.896650812,0,1,0
3.896651438,0,0,0
3.896652250,1,0,0
3.896653625,0,0,0
3.896654438,0,1,0
3.896655062,1,1,0
3.896656437,0,1,0
3.896657875,1,1,0
3.896659250,0,1,0
3.896660687,1,1,0
3.896662000,0,1,0
3.896663437,1,1,0
3.896664813,0,1,0
3.896664938,0,0,0
3.896687500,1,0,0
3.896688875,0,0,0
3.896689125,0,1,0
3.896689500,0,0,0
3.896690313,1,0,0
3.896692000,1,1,0
3.998709375,1,0,0
3.998710625,0,0,0
3.998712063,1,0,0
3.998713438,0,0,0
3.998714188,0,1,0
3.998714812,1,1,0
3.998716187,0,1,0
3.998717625,1,1,0
3.998719000,0,1,0
3.998720437,1,1,0
3.998721812,0,1,0
3.998723250,1,1,0
3.998724625,0,1,0
3.998725250,0,0,0
3.998726000,1,0,0
3.998727375,0,0,0
3.998728813,1,0,0
3.998730188,0,0,0
3.998731625,1,0,0
3.998733000,0,0,0
3.998734438,1,0,0
3.998735813,0,0,0
3.998736062,0,1,0
3.998736437,0,0,0
3.998737250,1,0,0
3.998738625,0,0,0
3.998740000,1,0,0
3.998741375,0,0,0
3.998742813,1,0,0
3.998744187,0,0,0
3.998745625,1,0,0
3.998747000,0,0,0
3.998748438,1,0,0
3.998749812,0,0,0
3.998751250,1,0,0
3.998752625,0,0,0
3.998754000,1,0,0
3.998755375,0,0,0
3.998756812,1,0,0
3.998758188,0,0,0
3.998759625,1,0,0
3.998761000,0,0,0
3.998761313,0,1,0
3.998762437,1,1,0
3.998763875,0,1,0
3.998764500,0,0,0
3.998765250,1,0,0
3.998766625,0,0,0
3.998767438,0,1,0
3.998768062,1,1,0
3.998769438,0,1,0
3.998770063,0,0,0
3.998770875,1,0,0
3.998772250,0,0,0
3.998773687,1,0,0
3.998775063,0,0,0
3.998776500,1,0,0
3.998777875,0,0,0
3.998779250,1,0,0
3.998780625,0,0,0
3.998782063,1,0,0
3.998783438,0,0,0
3.998806125,1,0,0
3.998807500,0,0,0
3.998807750,0,1,0
3.998808125,0,0,0
3.998808875,1,0,0
3.998810625,1,1,0
3.998882375,1,0,0
3.998883687,0,0,0
3.998885062,1,0,0
3.998886437,0,0,0
3.998887250,0,1,0
3.998887875,1,1,0
3.998889250,0,1,0
3.998890687,1,1,0
3.998892062,0,1,0
3.998893500,1,1,0
3.998894875,0,1,0
3.998896312,1,1,0
3.998897687,0,1,0
3.998898313,0,0,0
3.998899063,1,0,0
3.998900438,0,0,0
3.998901875,1,0,0
3.998903250,0,0,0
3.998904688,1,0,0
3.998906063,0,0,0
3.998907500,1,0,0
3.998908875,0,0,0
3.998909125,0,1,0
3.998909500,0,0,0
3.998910313,1,0,0
3.998911688,0,0,0
3.998913062,1,0,0
3.998914437,0,0,0
3.998915938,1,0,0
3.998917250,0,0,0
3.998918687,1,0,0
3.998920062,0,0,0
3.998921500,1,0,0
3.998922875,0,0,0
3.998924312,1,0,0
3.998925625,0,0,0
3.998927062,1,0,0
3.998928438,0,0,0
3.998929875,1,0,0
3.998931250,0,0,0
3.998932687,1,0,0
3.998934063,0,0,0
3.998934375,0,1,0
3.998935500,1,1,0
3.998936875,0,1,0
3.998938312,1,1,0
3.998939688,0,1,0
3.998940312,0,0,0
3.998941125,1,0,0
3.998942437,0,0,0
3.998943875,1,0,0
3.998945250,0,0,0
3.998946688,1,0,0
3.998948062,0,0,0
3.998949500,1,0,0
3.998950875,0,0,0
3.998952313,1,0,0
3.998953687,0,0,0
3.998955125,1,0,0
3.998956437,0,0,0
3.998979125,1,0,0
3.998980500,0,0,0
3.998980750,0,1,0
3.998981125,0,0,0
3.998981937,1,0,0
3.998983625,1,1,0
5.007920312,1,0,0
5.007921562,0,0,0
5.007923000,1,0,0
5.007924375,0,0,0
5.007925187,0,1,0
5.007925750,1,1,0
5.007927125,0,1,0
5.007928563,1,1,0
5.007929938,0,1,0
5.007931375,1,1,0
5.007932750,0,1,0
5.007934188,1,1,0
5.007935563,0,1,0
5.007936188,0,0,0
5.007937000,1,0,0
5.007938375,0,0,0
5.007939813,1,0,0
5.007941125,0,0,0
5.007942563,1,0,0
5.007943938,0,0,0
5.007945375,1,0,0
5.007946750,0,0,0
5.007947063,0,1,0
5.007947375,0,0,0
5.007948188,1,0,0
5.007949563,0,0,0
5.007951000,1,0,0
5.007952375,0,0,0
5.007953813,1,0,0
5.007955125,0,0,0
5.007956563,1,0,0
5.007957937,0,0,0
5.007959375,1,0,0
5.007960750,0,0,0
5.007962188,1,0,0
5.007963563,0,0,0
5.007965000,1,0,0
5.007966375,0,0,0
5.007967812,1,0,0
5.007969125,0,1,0
5.007969187,0,0,0
5.007970562,1,0,0
5.007971937,0,0,0
5.007972250,0,1,0
5.007973375,1,1,0
5.007974750,0,1,0
5.007975375,0,0,0
5.007976187,1,0,0
5.007977562,0,0,0
5.007978375,0,1,0
5.007979000,1,1,0
5.007980375,0,1,0
5.007981000,0,0,0
5.007981812,1,0,0
5.007983187,0,0,0
5.007983937,0,1,0
5.007984562,1,1,0
5.007985937,0,1,0
5.007987375,1,1,0
5.007988750,0,1,0
5.007990187,1,1,0
5.007991562,0,1,0
5.007992188,0,0,0
5.007993000,1,0,0
5.007994375,0,0,0
5.008017000,1,0,0
5.008018375,0,0,0
5.008018687,0,1,0
5.008019000,0,0,0
5.008019812,1,0,0
5.008021500,1,1,0
5.008117438,1,0,0
5.008118687,0,0,0
5.008120125,1,0,0
5.008121500,0,0,0
5.008122313,0,1,0
5.008122937,1,1,0
5.008124312,0,1,0
5.008125687,1,1,0
5.008127062,0,1,0
5.008128500,1,1,0
5.008129875,0,1,0
5.008131312,1,1,0
5.008132687,0,1,0
5.008133313,0,0,0
5.008134125,1,0,0
5.008135500,0,0,0
5.008136937,1,0,0
5.008138312,0,0,0
5.008139687,1,0,0
5.008141063,0,0,0
5.008142500,1,0,0
5.008143875,0,0,0
5.008144188,0,1,0
5.008144500,0,0,0
5.008145312,1,0,0
5.008146688,0,0,0
5.008148125,1,0,0
5.008149500,0,0,0
5.008150937,1,0,0
5.008152313,0,0,0
5.008153688,1,0,0
5.008155063,0,0,0
5.008156500,1,0,0
5.008157875,0,0,0
5.008159313,1,0,0
5.008160688,0,0,0
5.008162125,1,0,0
5.008163500,0,0,0
5.008164938,1,0,0
5.008166313,0,0,0
5.008167688,1,0,0
5.008169063,0,0,0
5.008169375,0,1,0
5.008169687,0,0,0
5.008170500,1,0,0
5.008171875,0,0,0
5.008173313,1,0,0
5.008174688,0,0,0
5.008175500,0,1,0
5.008176125,1,1,0
5.008177500,0,1,0
5.008178125,0,0,0
5.008178938,1,0,0
5.008180313,0,0,0
5.008181687,1,0,0
5.008183062,0,0,0
5.008184500,1,0,0
5.008185875,0,0,0
5.008187312,1,0,0
5.008188687,0,0,0
5.008190125,1,0,0
5.008191500,0,0,0
5.008192937,1,0,0
5.008194312,0,0,0
5.008194562,0,1,0
5.008194937,0,0,0
5.008195687,1,0,0
5.008197062,0,0,0
5.008198500,1,0,0
5.008199875,0,0,0
5.008201312,1,0,0
5.008202687,0,0,0
5.008204125,1,0,0
5.008205500,0,0,0
5.008206937,1,0,0
5.008208312,0,0,0
5.008209750,1,0,0
5.008211125,0,0,0
5.008212500,1,0,0
5.008213875,0,0,0
5.008215312,1,0,0
5.008216688,0,0,0
5.008239375,1,0,0
5.008240750,0,0,0
5.008241000,0,1,0
5.008241375,0,0,0
5.008242125,1,0,0
5.008243875,1,1,0
5.008304062,1,0,0
5.008305313,0,0,0
5.008306750,1,0,0
5.008308125,0,0,0
5.008308937,0,1,0
5.008309500,1,1,0
5.008310875,0,1,0
5.008312313,1,1,0
5.008313688,0,1,0
5.008315125,1,1,0
5.008316500,0,1,0
5.008317938,1,1,0
5.008319313,0,1,0
5.008319937,0,0,0
5.008320750,1,0,0
5.008322125,0,0,0
5.008323563,1,0,0
5.008324875,0,0,0
5.008326313,1,0,0
5.008327687,0,0,0
5.008329125,1,0,0
5.008330500,0,0,0
5.008330812,0,1,0
5.008331125,0,0,0
5.008331938,1,0,0
5.008333312,0,0,0
5.008334750,1,0,0
5.008336125,0,0,0
5.008337563,1,0,0
5.008338875,0,0,0
5.008340312,1,0,0
5.008341687,0,0,0
5.008343125,1,0,0
5.008344500,0,0,0
5.008345937,1,0,0
5.008347312,0,0,0
5.008348750,1,0,0
5.008350125,0,0,0
5.008351562,1,0,0
5.008352875,0,1,0
5.008352937,0,0,0
5.008354312,1,0,0
5.008355687,0,0,0
5.008356000,0,1,0
5.008357125,1,1,0
5.008358500,0,1,0
5.008359125,0,0,0
5.008359937,1,0,0
5.008361312,0,0,0
5.008362750,1,0,0
5.008364125,0,0,0
5.008365562,1,0,0
5.008366875,0,1,0
5.008366937,0,0,0
5.008367687,0,1,0
5.008368375,1,1,0
5.008369750,0,1,0
5.008371125,1,1,0
5.008372500,0,1,0
5.008373125,1,0,0
5.008373188,0,0,0
5.008373938,1,0,0
5.008375313,0,0,0
5.008376125,0,1,0
5.008376750,1,1,0
5.008378125,0,1,0
5.008378188,0,0,0
5.008379563,1,0,0
5.008380938,0,0,0
5.008381188,0,1,0
5.008381563,0,0,0
5.008382375,1,0,0
5.008383750,0,0,0
5.008385188,1,0,0
5.008386500,0,1,0
5.008386563,0,0,0
5.008387938,1,0,0
5.008389313,0,0,0
5.008390125,0,1,0
5.008390750,1,1,0
5.008392125,0,1,0
5.008392750,0,0,0
5.008393563,1,0,0
5.008394938,0,0,0
5.008395750,0,1,0
5.008396375,1,1,0
5.008397750,0,1,0
5.008398375,0,0,0
5.008399188,1,0,0
5.008400500,0,1,0
5.008400563,0,0,0
5.008401938,1,0,0
5.008403312,0,0,0
5.008426000,1,0,0
5.008427375,0,0,0
5.008427625,0,1,0
5.008428000,0,0,0
5.008428750,1,0,0
5.008430500,1,1,0
5.008494312,1,0,0
5.008495563,0,0,0
5.008497000,1,0,0
5.008498375,0,0,0
5.008499188,0,1,0
5.008499813,1,1,0
5.008501188,0,1,0
5.008502563,1,1,0
5.008503937,0,1,0
5.008505375,1,1,0
5.008506750,0,1,0
5.008508188,1,1,0
5.008509562,0,1,0
5.008510187,0,0,0
5.008511000,1,0,0
5.008512375,0,0,0
5.008513813,1,0,0
5.008515187,0,0,0
5.008516562,1,0,0
5.008517937,0,0,0
5.008519375,1,0,0
5.008520750,0,0,0
5.008521062,0,1,0
5.008521375,0,0,0
5.008522187,1,0,0
5.008523562,0,0,0
5.008525000,1,0,0
5.008526375,0,0,0
5.008527812,1,0,0
5.008529187,0,0,0
5.008530562,1,0,0
5.008531937,0,0,0
5.008533375,1,0,0
5.008534750,0,0,0
5.008536187,1,0,0
5.008537562,0,0,0
5.008539000,1,0,0
5.008540375,0,0,0
5.008541812,1,0,0
5.008543188,0,0,0
5.008544563,1,0,0
5.008545938,0,0,0
5.008546250,0,1,0
5.008547375,1,1,0
5.008548750,0,1,0
5.008549375,0,0,0
5.008550188,1,0,0
5.008551563,0,0,0
5.008552375,0,1,0
5.008553000,1,1,0
5.008554375,0,1,0
5.008555000,0,0,0
5.008555813,1,0,0
5.008557188,0,0,0
5.008558563,1,0,0
5.008559938,0,0,0
5.008561375,1,0,0
5.008562750,0,0,0
5.008564188,1,0,0
5.008565563,0,0,0
5.008567000,1,0,0
5.008568375,0,0,0
5.008591000,1,0,0
5.008592375,0,0,0
5.008592688,0,1,0
5.008593000,0,0,0
5.008593813,1,0,0
5.008595500,1,1,0
5.008657562,1,0,0
5.008658813,0,0,0
5.008660250,1,0,0
5.008661625,0,0,0
5.008662437,0,1,0
5.008663063,1,1,0
5.008664438,0,1,0
5.008665813,1,1,0
5.008667188,0,1,0
5.008668625,1,1,0
5.008670000,0,1,0
5.008671438,1,1,0
5.008672813,0,1,0
5.008673437,0,0,0
5.008674250,1,0,0
5.008675625,0,0,0
5.008677063,1,0,0
5.008678375,0,0,0
5.008679812,1,0,0
5.008681187,0,0,0
5.008682625,1,0,0
5.008684000,0,0,0
5.008684312,0,1,0
5.008684625,0,0,0
5.008685437,1,0,0
5.008686812,0,0,0
5.008688250,1,0,0
5.008689625,0,0,0
5.008691062,1,0,0
5.008692375,0,0,0
5.008693812,1,0,0
5.008695187,0,0,0
5.008696625,1,0,0
5.008698000,0,0,0
5.008699437,1,0,0
5.008700812,0,0,0
5.008702250,1,0,0
5.008703625,0,0,0
5.008705062,1,0,0
5.008706375,0,0,0
5.008707812,1,0,0
5.008709188,0,0,0
5.008709500,0,1,0
5.008710625,1,1,0
5.008712000,0,1,0
5.008713437,1,1,0
5.008714813,0,1,0
5.008715438,0,0,0
5.008716250,1,0,0
5.008717625,0,0,0
5.008719062,1,0,0
5.008720375,0,0,0
5.008721813,1,0,0
5.008723188,0,0,0
5.008724625,1,0,0
5.008726000,0,0,0
5.008727438,1,0,0
5.008728813,0,0,0
5.008730250,1,0,0
5.008731625,0,0,0
5.008754250,1,0,0
5.008755625,0,0,0
5.008755938,0,1,0
5.008756250,0,0,0
5.008757062,1,0,0
5.008758750,1,1,0
5.008839313,1,0,0
5.008840562,0,0,0
5.008842000,1,0,0
5.008843375,0,0,0
5.008844188,0,1,0
5.008844812,1,1,0
5.008846187,0,1,0
5.008847562,1,1,0
5.008849000,0,1,0
5.008850375,1,1,0
5.008851750,0,1,0
5.008853187,1,1,0
5.008854562,0,1,0
5.008855188,0,0,0
5.008856000,1,0,0
5.008857375,0,0,0
5.008858812,1,0,0
5.008860187,0,0,0
5.008861625,1,0,0
5.008863000,0,0,0
5.008864375,1,0,0
5.008865750,0,0,0
5.008866063,0,1,0
5.008866375,0,0,0
5.008867187,1,0,0
5.008868563,0,0,0
5.008870000,1,0,0
5.008871375,0,0,0
5.008872812,1,0,0
5.008874188,0,0,0
5.008875625,1,0,0
5.008877000,0,0,0
5.008878375,1,0,0
5.008879750,0,0,0
5.008881188,1,0,0
5.008882563,0,0,0
5.008884000,1,0,0
5.008885375,0,0,0
5.008886813,1,0,0
5.008888188,0,0,0
5.008889625,1,0,0
5.008891000,0,0,0
5.008891250,0,1,0
5.008892375,1,1,0
5.008893750,0,1,0
5.008894375,0,0,0
5.008895188,1,0,0
5.008896563,0,0,0
5.008897375,0,1,0
5.008898000,1,1,0
5.008899375,0,1,0
5.008900000,0,0,0
5.008900813,1,0,0
5.008902188,0,0,0
5.008902938,0,1,0
5.008903562,1,1,0
5.008904937,0,1,0
5.008906375,1,1,0
5.008907750,0,1,0
5.008909187,1,1,0
5.008910562,0,1,0
5.008912000,1,1,0
5.008913375,0,1,0
5.008913438,0,0,0
5.008936000,1,0,0
5.008937375,0,0,0
5.008937687,0,1,0
5.008938000,0,0,0
5.008938813,1,0,0
5.008940500,1,1,0
5.110958062,1,0,0
5.110959313,0,0,0
5.110960750,1,0,0
5.110962125,0,0,0
5.110962938,0,1,0
5.110963563,1,1,0
5.110964938,0,1,0
5.110966375,1,1,0
5.110967750,0,1,0
5.110969125,1,1,0
5.110970500,0,1,0
5.110971937,1,1,0
5.110973312,0,1,0
5.110973937,0,0,0
5.110974750,1,0,0
5.110976125,0,0,0
5.110977562,1,0,0
5.110978937,0,0,0
5.110980375,1,0,0
5.110981750,0,0,0
5.110983187,1,0,0
5.110984500,0,0,0
5.110984812,0,1,0
5.110985125,0,0,0
5.110985937,1,0,0
5.110987312,0,0,0
5.110988750,1,0,0
5.110990125,0,0,0
5.110991562,1,0,0
5.110992937,0,0,0
5.110994375,1,0,0
5.110995750,0,0,0
5.110997187,1,0,0
5.110998500,0,1,0
5.110998562,0,0,0
5.110999937,1,0,0
5.111001313,0,0,0
5.111002750,1,0,0
5.111004125,0,0,0
5.111005562,1,0,0
5.111006938,0,0,0
5.111008375,1,0,0
5.111009750,0,0,0
5.111010000,0,1,0
5.111011125,1,1,0
5.111012500,0,1,0
5.111013125,1,0,0
5.111013188,0,0,0
5.111013938,1,0,0
5.111015313,0,0,0
5.111016125,0,1,0
5.111016750,1,1,0
5.111018125,0,1,0
5.111018750,0,0,0
5.111019562,1,0,0
5.111020938,0,0,0
5.111022375,1,0,0
5.111023688,0,1,0
5.111023750,0,0,0
5.111025125,1,0,0
5.111026500,0,0,0
5.111027938,1,0,0
5.111029313,0,0,0
5.111030750,1,0,0
5.111032125,0,0,0
5.111054750,1,0,0
5.111056125,0,0,0
5.111056438,0,1,0
5.111056750,0,0,0
5.111057563,1,0,0
5.111059313,1,1,0
5.111131125,1,0,0
5.111132375,0,0,0
5.111133813,1,0,0
5.111135188,0,0,0
5.111136000,0,1,0
5.111136625,1,1,0
5.111138000,0,1,0
5.111139375,1,1,0
5.111140750,0,1,0
5.111142187,1,1,0
5.111143562,0,1,0
5.111145000,1,1,0
5.111146438,0,1,0
5.111147063,0,0,0
5.111147812,1,0,0
5.111149187,0,0,0
5.111150625,1,0,0
5.111152000,0,0,0
5.111153437,1,0,0
5.111154812,0,0,0
5.111156250,1,0,0
5.111157625,0,0,0
5.111157875,0,1,0
5.111158250,0,0,0
5.111159062,1,0,0
5.111160437,0,0,0
5.111161812,1,0,0
5.111163187,0,0,0
5.111164625,1,0,0
5.111166000,0,0,0
5.111167437,1,0,0
5.111168812,0,0,0
5.111170250,1,0,0
5.111171625,0,0,0
5.111173062,1,0,0
5.111174437,0,0,0
5.111175875,1,0,0
5.111177250,0,0,0
5.111178625,1,0,0
5.111180062,0,0,0
5.111181437,1,0,0
5.111182813,0,0,0
5.111183125,0,1,0
5.111184250,1,1,0
5.111185625,0,1,0
5.111187062,1,1,0
5.111188438,0,1,0
5.111189063,0,0,0
5.111189875,1,0,0
5.111191250,0,0,0
5.111192687,1,0,0
5.111194063,0,0,0
5.111195438,1,0,0
5.111196813,0,0,0
5.111198250,1,0,0
5.111199625,0,0,0
5.111201063,1,0,0
5.111202438,0,0,0
5.111203875,1,0,0
5.111205250,0,0,0
5.111227875,1,0,0
5.111229250,0,0,0
5.111229563,0,1,0
5.111229875,0,0,0
5.111230687,1,0,0
5.111232375,1,1,0
5.177344000,1,1,0
